timestamp,participant_id,condition,event_type,waypoint_id,head_rotation_x,head_rotation_y,head_rotation_z,device_active,confidence_rating,mission_id,difficulty_rating,verification_correct,beam_content_type,session_id,mission_set,trigger_id,trigger_type,cause,duration_s,distance_m,anchor_bound,arrow_visible,extra_data
2026-03-15T20:21:30.204,P02,hybrid,EXPERIMENT_START,,42.1,17.7,10.3,,,C1,,,,P02_20260315_202130,Set2,,,,,,,,"{""condition"":""hybrid"",""mission_set"":""Set2""}"
2026-03-15T20:21:30.308,P02,hybrid,CONDITION_CHANGE,,42.1,17.7,10.3,,,C1,,,,P02_20260315_202130,Set2,,,,,,,,"{""condition"":""hybrid""}"
2026-03-15T20:21:30.315,P02,hybrid,BEAM_TAB_SWITCH,,42.1,17.7,10.3,,,C1,,,map,P02_20260315_202130,Set2,,,,,,,,"{""tab_index"":0}"
2026-03-15T20:21:30.318,P02,hybrid,RELOCALIZATION_START,,42.1,17.7,10.3,,,C1,,,,P02_20260315_202130,Set2,,,,,,,,{}
2026-03-15T20:21:30.523,P02,hybrid,ANCHOR_DIAGNOSTICS,,42.1,17.7,10.3,,,C1,,,,P02_20260315_202130,Set2,,,,,,,,"{""storagePath"":""/storage/emulated/0/Android/data/com.KIT_HCI.ARNavExperiment/files/AnchorMaps"",""dirExists"":true,""sdkCount"":43,""jsonCount"":9,""diskFound"":9,""diskMissing"":0,""rootMisplaced"":0}"
2026-03-15T20:21:31.433,P02,hybrid,RELOCALIZATION_COMPLETE,,42.1,17.7,10.3,,,C1,,,,P02_20260315_202130,Set2,,,,,,,,"{""success_rate"":0.00,""action"":""complete""}"
2026-03-15T20:21:33.174,P02,hybrid,PAUSE_START,,35.9,11.9,7.4,,,C1,,,,P02_20260315_202130,Set2,,,,,,,,"{""position"":""(0.22, -0.08, 0.17)""}"
2026-03-15T20:21:34.695,P02,hybrid,PAUSE_END,,21.5,359.1,4.7,,,C1,,,,P02_20260315_202130,Set2,,,,4.7,,,,"{""duration_s"":4.7,""position"":""(0.18, -0.04, 0.13)""}"
2026-03-15T20:21:36.198,P02,hybrid,RELOCALIZATION_PROCEED_FALLBACK,,35.2,57.4,7.3,,,C1,,,,P02_20260315_202130,Set2,,,,,,,,"{""success_rate"":0.00,""action"":""proceed_fallback""}"
2026-03-15T20:21:42.981,P02,hybrid,PREFLIGHT_CHECK,,36.5,44.3,1.7,,,C1,,,,P02_20260315_202130,Set2,,,,,,,,"{""all_passed"":true,""failed_items"":[],""overridden"":false}"
2026-03-15T20:21:42.983,P02,hybrid,GLASS_ARROW_HIDDEN,,36.5,44.3,1.7,,,C1,,,,P02_20260315_202130,Set2,,,,,,,,{}
2026-03-15T20:21:42.986,P02,hybrid,CONDITION_CHANGE,,36.5,44.3,1.7,,,C1,,,,P02_20260315_202130,Set2,,,,,,,,"{""condition"":""hybrid""}"
2026-03-15T20:21:42.987,P02,hybrid,BEAM_TAB_SWITCH,,36.5,44.3,1.7,,,C1,,,map,P02_20260315_202130,Set2,,,,,,,,"{""tab_index"":0}"
2026-03-15T20:21:42.991,P02,hybrid,ROUTE_START,,36.5,44.3,1.7,,,C1,,,,P02_20260315_202130,Set2,,,,,,,,"{""mission_set"":""Set2"",""condition"":""hybrid""}"
2026-03-15T20:21:42.996,P02,hybrid,WAYPOINT_FALLBACK_USED,WP02,36.5,44.3,1.7,,,C1,,,,P02_20260315_202130,Set2,,,,,,,,"{""fallback_position"":""(36.00, 0.00, 33.00)""}"
2026-03-15T20:21:42.998,P02,hybrid,WAYPOINT_FALLBACK_USED,WP03,36.5,44.3,1.7,,,C1,,,,P02_20260315_202130,Set2,,,,,,,,"{""fallback_position"":""(36.00, 0.00, 45.00)""}"
2026-03-15T20:21:42.999,P02,hybrid,WAYPOINT_FALLBACK_USED,WP04,36.5,44.3,1.7,,,C1,,,,P02_20260315_202130,Set2,,,,,,,,"{""fallback_position"":""(36.00, 0.00, 57.00)""}"
2026-03-15T20:21:43.003,P02,hybrid,WAYPOINT_FALLBACK_USED,WP05,36.5,44.3,1.7,,,C1,,,,P02_20260315_202130,Set2,,,,,,,,"{""fallback_position"":""(36.00, 0.00, 66.00)""}"
2026-03-15T20:21:43.005,P02,hybrid,WAYPOINT_FALLBACK_USED,WP06,36.5,44.3,1.7,,,C1,,,,P02_20260315_202130,Set2,,,,,,,,"{""fallback_position"":""(39.00, 0.00, 72.00)""}"
2026-03-15T20:21:43.014,P02,hybrid,WAYPOINT_FALLBACK_USED,WP08,36.5,44.3,1.7,,,C1,,,,P02_20260315_202130,Set2,,,,,,,,"{""fallback_position"":""(36.00, 0.00, -7.00)""}"
2026-03-15T20:21:43.023,P02,hybrid,HEADING_CALIBRATION,,36.5,44.3,1.7,,,C1,,,,P02_20260315_202130,Set2,,,,,,,,"{""source"":""auto"",""offset_deg"":115.7}"
2026-03-15T20:21:43.024,P02,hybrid,ROUTE_BINDING_SUMMARY,,36.5,44.3,1.7,,,C1,,,,P02_20260315_202130,Set2,,,,,,,,"{""route"":""B"",""total"":9,""anchor_bound"":3,""fallback"":6,""details"":[{""id"":""WP00"",""bound"":true,""pos"":""(1.06, 1.02, -0.93)""},{""id"":""WP01"",""bound"":true,""pos"":""(0.05, 1.05, -0.24)""},{""id"":""WP02"",""bound"":false,""pos"":""(36.00, 0.00, 33.00)""},{""id"":""WP03"",""bound"":false,""pos"":""(36.00, 0.00, 45.00)""},{""id"":""WP04"",""bound"":false,""pos"":""(36.00, 0.00, 57.00)""},{""id"":""WP05"",""bound"":false,""pos"":""(36.00, 0.00, 66.00)""},{""id"":""WP06"",""bound"":false,""pos"":""(39.00, 0.00, 72.00)""},{""id"":""WP07"",""bound"":true,""pos"":""(24.88, 1.06, -12.17)""},{""id"":""WP08"",""bound"":false,""pos"":""(36.00, 0.00, -7.00)""}]}"
2026-03-15T20:21:43.032,P02,hybrid,WAYPOINT_REACHED,WP00,36.5,44.3,1.7,,,C1,,,,P02_20260315_202130,Set2,,,radius,,,,,"{""cause"":""radius"",""is_target"":false}"
2026-03-15T20:21:43.048,P02,hybrid,WAYPOINT_REACHED,WP01,36.7,47.7,0.9,,,C1,,,,P02_20260315_202130,Set2,,,radius,,,,,"{""cause"":""radius"",""is_target"":false}"
2026-03-15T20:21:44.418,P02,hybrid,BEAM_MAP_ZOOMED,,37.1,85.6,5.4,,,C1,,,,P02_20260315_202130,Set2,,,,,,,,"{""zoom_level"":3.0}"
2026-03-15T20:21:44.420,P02,hybrid,MISSION_START,,37.1,85.6,5.4,,,A1,,,,P02_20260315_202130,Set2,,,,,,,,"{""mission_id"":""A1"",""type"":""A_DirectionVerify"",""briefing"":""Find the Medical Engineering Research Lab. Upon arrival, check the room number.""}"
2026-03-15T20:21:47.992,P02,hybrid,NAV_STATE_SNAPSHOT,WP02,37.7,72.2,1.9,,,A1,,,,P02_20260315_202130,Set2,,,,,10.25,false,false,"{""anchor_bound"":false,""player_pos"":""(2.32, 1.04, -0.94)"",""target_pos"":""(36.00, 0.00, 33.00)"",""distance_m"":10.25,""arrow_visible"":false,""route"":""B"",""condition"":""hybrid"",""has_map_calib"":true,""calib_source"":""anchor_3""}"
2026-03-15T20:21:48.728,P02,hybrid,BEAM_TAB_SWITCH,,39.4,75.6,1.3,,,A1,,,map,P02_20260315_202130,Set2,,,,,,,,"{""tab_index"":0}"
2026-03-15T20:21:48.731,P02,hybrid,GLASS_ARROW_SHOWN,,39.4,75.6,1.3,,,A1,,,,P02_20260315_202130,Set2,,,,,,,,{}
2026-03-15T20:21:53.008,P02,hybrid,NAV_STATE_SNAPSHOT,WP02,48.0,88.7,2.7,,,A1,,,,P02_20260315_202130,Set2,,,,,8.35,false,true,"{""anchor_bound"":false,""player_pos"":""(4.07, 0.99, -1.68)"",""target_pos"":""(36.00, 0.00, 33.00)"",""distance_m"":8.35,""arrow_visible"":true,""route"":""B"",""condition"":""hybrid"",""has_map_calib"":true,""calib_source"":""anchor_3""}"
2026-03-15T20:21:57.780,P02,hybrid,BEAM_INFO_CARD_OPENED,,37.0,103.6,4.5,,,A1,,,s2_card_01,P02_20260315_202130,Set2,,,,,,,,{}
2026-03-15T20:21:57.782,P02,hybrid,BEAM_TAB_SWITCH,,37.0,103.6,4.5,,,A1,,,info_card,P02_20260315_202130,Set2,,,,,,,,"{""tab_index"":1}"
2026-03-15T20:21:57.783,P02,hybrid,WAYPOINT_REACHED,WP02,37.0,103.6,4.5,,,A1,,,,P02_20260315_202130,Set2,,,radius,,,,,"{""cause"":""radius"",""is_target"":true}"
2026-03-15T20:21:57.784,P02,hybrid,MISSION_ARRIVAL,WP02,37.0,103.6,4.5,,,A1,,,,P02_20260315_202130,Set2,,,,,,,,"{""mission_id"":""A1""}"
2026-03-15T20:21:58.031,P02,hybrid,NAV_STATE_SNAPSHOT,WP03,25.9,104.0,1.9,,,A1,,,,P02_20260315_202130,Set2,,,,,16.67,false,true,"{""anchor_bound"":false,""player_pos"":""(7.35, 1.07, -3.34)"",""target_pos"":""(36.00, 0.00, 45.00)"",""distance_m"":16.67,""arrow_visible"":true,""route"":""B"",""condition"":""hybrid"",""has_map_calib"":true,""calib_source"":""anchor_3""}"
2026-03-15T20:22:00.704,P02,hybrid,BEAM_SCREEN_ON,,358.3,99.6,354.9,,,A1,,,,P02_20260315_202130,Set2,,,,,,,,{}
2026-03-15T20:22:03.049,P02,hybrid,NAV_STATE_SNAPSHOT,WP03,359.3,118.1,355.2,,,A1,,,,P02_20260315_202130,Set2,,,,,12.48,false,true,"{""anchor_bound"":false,""player_pos"":""(11.12, 1.12, -5.18)"",""target_pos"":""(36.00, 0.00, 45.00)"",""distance_m"":12.48,""arrow_visible"":true,""route"":""B"",""condition"":""hybrid"",""has_map_calib"":true,""calib_source"":""anchor_3""}"
2026-03-15T20:22:08.057,P02,hybrid,NAV_STATE_SNAPSHOT,WP03,1.2,115.3,353.0,,,A1,,,,P02_20260315_202130,Set2,,,,,8.05,false,true,"{""anchor_bound"":false,""player_pos"":""(15.19, 1.13, -6.97)"",""target_pos"":""(36.00, 0.00, 45.00)"",""distance_m"":8.05,""arrow_visible"":true,""route"":""B"",""condition"":""hybrid"",""has_map_calib"":true,""calib_source"":""anchor_3""}"
2026-03-15T20:22:11.419,P02,hybrid,BEAM_TAB_SWITCH,,31.6,99.1,7.2,,,A1,,,map,P02_20260315_202130,Set2,,,,,,,,"{""tab_index"":0}"
2026-03-15T20:22:11.420,P02,hybrid,VERIFICATION_ANSWERED,WP02,31.6,99.1,7.2,,,A1,,false,,P02_20260315_202130,Set2,,,,,,,,"{""mission_id"":""A1"",""answer"":3,""correct"":false,""rt_s"":13.6}"
2026-03-15T20:22:13.071,P02,hybrid,NAV_STATE_SNAPSHOT,WP03,38.9,80.9,4.9,,,A1,,,,P02_20260315_202130,Set2,,,,,4.43,false,true,"{""anchor_bound"":false,""player_pos"":""(18.69, 1.09, -8.21)"",""target_pos"":""(36.00, 0.00, 45.00)"",""distance_m"":4.43,""arrow_visible"":true,""route"":""B"",""condition"":""hybrid"",""has_map_calib"":true,""calib_source"":""anchor_3""}"
2026-03-15T20:22:14.238,P02,hybrid,BEAM_TAB_SWITCH,,44.0,68.3,8.2,,,A1,,,map,P02_20260315_202130,Set2,,,,,,,,"{""tab_index"":0}"
2026-03-15T20:22:14.239,P02,hybrid,CONFIDENCE_RATED,WP02,44.0,68.3,8.2,,5,A1,,,,P02_20260315_202130,Set2,,,,,,,,"{""mission_id"":""A1"",""rating"":5}"
2026-03-15T20:22:15.627,P02,hybrid,BEAM_TAB_SWITCH,,44.5,67.3,8.2,,,A1,,,map,P02_20260315_202130,Set2,,,,,,,,"{""tab_index"":0}"
2026-03-15T20:22:15.630,P02,hybrid,DIFFICULTY_RATED,,44.5,67.3,8.2,,,A1,1,,,P02_20260315_202130,Set2,,,,,,,,"{""mission_id"":""A1"",""rating"":1}"
2026-03-15T20:22:15.630,P02,hybrid,MISSION_COMPLETE,,44.5,67.3,8.2,,,A1,,false,,P02_20260315_202130,Set2,,,,31.2,,,,"{""mission_id"":""A1"",""correct"":false,""duration_s"":31}"
2026-03-15T20:22:16.496,P02,hybrid,PAUSE_START,WP03,45.1,75.6,11.2,,,A1,,,,P02_20260315_202130,Set2,,,,,,,,"{""position"":""(18.98, -0.02, -8.26)""}"
2026-03-15T20:22:17.638,P02,hybrid,BEAM_MAP_ZOOMED,,35.2,98.4,10.0,,,A1,,,,P02_20260315_202130,Set2,,,,,,,,"{""zoom_level"":3.0}"
2026-03-15T20:22:17.639,P02,hybrid,MISSION_START,,35.2,98.4,10.0,,,B1,,,,P02_20260315_202130,Set2,,,,,,,,"{""mission_id"":""B1"",""type"":""B_AmbiguousDecision"",""briefing"":""Find Prof. Choe's office in this corridor.""}"
2026-03-15T20:22:17.656,P02,hybrid,TRIGGER_ACTIVATED,,35.2,98.4,10.0,,,B1,,,,P02_20260315_202130,Set2,T1,T1_TrackingDegradation,,,,,,"{""trigger_type"":""T1_TrackingDegradation"",""trigger_id"":""T1""}"
2026-03-15T20:22:17.657,P02,hybrid,GLASS_ARROW_OFFSET,,35.2,98.4,10.0,,,B1,,,,P02_20260315_202130,Set2,T1,,,,,,,"{""offset_angle"":-9.5,""trigger_id"":""T1""}"
2026-03-15T20:22:17.777,P02,hybrid,GLASS_ARROW_OFFSET,,37.9,98.6,9.6,,,B1,,,,P02_20260315_202130,Set2,T1,,,,,,,"{""offset_angle"":-12.6,""trigger_id"":""T1""}"
2026-03-15T20:22:17.942,P02,hybrid,GLASS_ARROW_OFFSET,,38.2,101.0,10.1,,,B1,,,,P02_20260315_202130,Set2,T1,,,,,,,"{""offset_angle"":-16.9,""trigger_id"":""T1""}"
2026-03-15T20:22:18.071,P02,hybrid,NAV_STATE_SNAPSHOT,WP03,38.1,101.9,10.1,,,B1,,,,P02_20260315_202130,Set2,,,,,4.17,false,true,"{""anchor_bound"":false,""player_pos"":""(18.97, 1.11, -8.27)"",""target_pos"":""(36.00, 0.00, 45.00)"",""distance_m"":4.17,""arrow_visible"":true,""route"":""B"",""condition"":""hybrid"",""has_map_calib"":true,""calib_source"":""anchor_3""}"
2026-03-15T20:22:18.109,P02,hybrid,GLASS_ARROW_OFFSET,,37.4,103.1,10.5,,,B1,,,,P02_20260315_202130,Set2,T1,,,,,,,"{""offset_angle"":-7.6,""trigger_id"":""T1""}"
2026-03-15T20:22:18.265,P02,hybrid,GLASS_ARROW_OFFSET,,36.4,104.0,10.1,,,B1,,,,P02_20260315_202130,Set2,T1,,,,,,,"{""offset_angle"":1.5,""trigger_id"":""T1""}"
2026-03-15T20:22:18.422,P02,hybrid,GLASS_ARROW_OFFSET,,32.6,104.3,8.4,,,B1,,,,P02_20260315_202130,Set2,T1,,,,,,,"{""offset_angle"":-0.5,""trigger_id"":""T1""}"
2026-03-15T20:22:18.570,P02,hybrid,GLASS_ARROW_OFFSET,,13.0,105.9,2.2,,,B1,,,,P02_20260315_202130,Set2,T1,,,,,,,"{""offset_angle"":-3.0,""trigger_id"":""T1""}"
2026-03-15T20:22:18.728,P02,hybrid,GLASS_ARROW_OFFSET,,5.0,107.0,0.4,,,B1,,,,P02_20260315_202130,Set2,T1,,,,,,,"{""offset_angle"":-15.2,""trigger_id"":""T1""}"
2026-03-15T20:22:18.888,P02,hybrid,GLASS_ARROW_OFFSET,,1.4,108.1,359.6,,,B1,,,,P02_20260315_202130,Set2,T1,,,,,,,"{""offset_angle"":-2.6,""trigger_id"":""T1""}"
2026-03-15T20:22:19.052,P02,hybrid,GLASS_ARROW_OFFSET,,0.5,108.2,359.4,,,B1,,,,P02_20260315_202130,Set2,T1,,,,,,,"{""offset_angle"":-1.4,""trigger_id"":""T1""}"
2026-03-15T20:22:19.201,P02,hybrid,GLASS_ARROW_OFFSET,,358.5,108.8,359.0,,,B1,,,,P02_20260315_202130,Set2,T1,,,,,,,"{""offset_angle"":3.0,""trigger_id"":""T1""}"
2026-03-15T20:22:19.369,P02,hybrid,GLASS_ARROW_OFFSET,,358.7,108.8,359.1,,,B1,,,,P02_20260315_202130,Set2,T1,,,,,,,"{""offset_angle"":18.8,""trigger_id"":""T1""}"
2026-03-15T20:22:19.539,P02,hybrid,GLASS_ARROW_OFFSET,,13.6,104.6,3.4,,,B1,,,,P02_20260315_202130,Set2,T1,,,,,,,"{""offset_angle"":-2.3,""trigger_id"":""T1""}"
2026-03-15T20:22:19.719,P02,hybrid,GLASS_ARROW_OFFSET,,24.1,103.4,4.9,,,B1,,,,P02_20260315_202130,Set2,T1,,,,,,,"{""offset_angle"":7.5,""trigger_id"":""T1""}"
2026-03-15T20:22:19.869,P02,hybrid,GLASS_ARROW_OFFSET,,30.1,101.9,6.7,,,B1,,,,P02_20260315_202130,Set2,T1,,,,,,,"{""offset_angle"":-12.0,""trigger_id"":""T1""}"
2026-03-15T20:22:20.019,P02,hybrid,GLASS_ARROW_OFFSET,,31.6,101.9,7.4,,,B1,,,,P02_20260315_202130,Set2,T1,,,,,,,"{""offset_angle"":8.1,""trigger_id"":""T1""}"
2026-03-15T20:22:20.186,P02,hybrid,GLASS_ARROW_OFFSET,,32.9,102.5,8.0,,,B1,,,,P02_20260315_202130,Set2,T1,,,,,,,"{""offset_angle"":4.2,""trigger_id"":""T1""}"
2026-03-15T20:22:20.327,P02,hybrid,GLASS_ARROW_OFFSET,,33.0,102.7,8.2,,,B1,,,,P02_20260315_202130,Set2,T1,,,,,,,"{""offset_angle"":15.2,""trigger_id"":""T1""}"
2026-03-15T20:22:20.489,P02,hybrid,GLASS_ARROW_OFFSET,,33.3,103.0,8.6,,,B1,,,,P02_20260315_202130,Set2,T1,,,,,,,"{""offset_angle"":-6.9,""trigger_id"":""T1""}"
2026-03-15T20:22:20.634,P02,hybrid,GLASS_ARROW_OFFSET,,33.8,103.7,8.6,,,B1,,,,P02_20260315_202130,Set2,T1,,,,,,,"{""offset_angle"":-8.6,""trigger_id"":""T1""}"
2026-03-15T20:22:20.806,P02,hybrid,GLASS_ARROW_OFFSET,,33.9,103.7,8.4,,,B1,,,,P02_20260315_202130,Set2,T1,,,,,,,"{""offset_angle"":2.0,""trigger_id"":""T1""}"
2026-03-15T20:22:20.963,P02,hybrid,GLASS_ARROW_OFFSET,,33.9,105.0,8.6,,,B1,,,,P02_20260315_202130,Set2,T1,,,,,,,"{""offset_angle"":-9.5,""trigger_id"":""T1""}"
2026-03-15T20:22:21.126,P02,hybrid,GLASS_ARROW_OFFSET,,34.5,104.0,8.4,,,B1,,,,P02_20260315_202130,Set2,T1,,,,,,,"{""offset_angle"":19.4,""trigger_id"":""T1""}"
2026-03-15T20:22:21.289,P02,hybrid,GLASS_ARROW_OFFSET,,34.7,104.0,8.7,,,B1,,,,P02_20260315_202130,Set2,T1,,,,,,,"{""offset_angle"":-10.4,""trigger_id"":""T1""}"
2026-03-15T20:22:21.440,P02,hybrid,GLASS_ARROW_OFFSET,,34.8,105.4,9.4,,,B1,,,,P02_20260315_202130,Set2,T1,,,,,,,"{""offset_angle"":12.7,""trigger_id"":""T1""}"
2026-03-15T20:22:21.605,P02,hybrid,GLASS_ARROW_OFFSET,,35.5,106.1,10.1,,,B1,,,,P02_20260315_202130,Set2,T1,,,,,,,"{""offset_angle"":18.3,""trigger_id"":""T1""}"
2026-03-15T20:22:21.764,P02,hybrid,GLASS_ARROW_OFFSET,,36.1,106.2,10.3,,,B1,,,,P02_20260315_202130,Set2,T1,,,,,,,"{""offset_angle"":-10.3,""trigger_id"":""T1""}"
2026-03-15T20:22:21.924,P02,hybrid,GLASS_ARROW_OFFSET,,36.6,106.1,10.3,,,B1,,,,P02_20260315_202130,Set2,T1,,,,,,,"{""offset_angle"":-13.9,""trigger_id"":""T1""}"
2026-03-15T20:22:22.071,P02,hybrid,GLASS_ARROW_OFFSET,,36.6,105.9,10.3,,,B1,,,,P02_20260315_202130,Set2,T1,,,,,,,"{""offset_angle"":1.3,""trigger_id"":""T1""}"
2026-03-15T20:22:22.260,P02,hybrid,GLASS_ARROW_OFFSET,,36.7,105.5,10.0,,,B1,,,,P02_20260315_202130,Set2,T1,,,,,,,"{""offset_angle"":12.5,""trigger_id"":""T1""}"
2026-03-15T20:22:22.435,P02,hybrid,GLASS_ARROW_OFFSET,,36.7,105.4,10.1,,,B1,,,,P02_20260315_202130,Set2,T1,,,,,,,"{""offset_angle"":-10.9,""trigger_id"":""T1""}"
2026-03-15T20:22:22.611,P02,hybrid,GLASS_ARROW_OFFSET,,36.5,105.3,10.1,,,B1,,,,P02_20260315_202130,Set2,T1,,,,,,,"{""offset_angle"":-16.9,""trigger_id"":""T1""}"
2026-03-15T20:22:22.774,P02,hybrid,GLASS_ARROW_OFFSET,,36.5,105.3,10.1,,,B1,,,,P02_20260315_202130,Set2,T1,,,,,,,"{""offset_angle"":11.2,""trigger_id"":""T1""}"
2026-03-15T20:22:22.930,P02,hybrid,GLASS_ARROW_OFFSET,,36.5,105.5,10.1,,,B1,,,,P02_20260315_202130,Set2,T1,,,,,,,"{""offset_angle"":-15.9,""trigger_id"":""T1""}"
2026-03-15T20:22:23.107,P02,hybrid,NAV_STATE_SNAPSHOT,WP03,36.3,105.7,10.2,,,B1,,,,P02_20260315_202130,Set2,,,,,4.10,false,true,"{""anchor_bound"":false,""player_pos"":""(19.01, 1.13, -8.34)"",""target_pos"":""(36.00, 0.00, 45.00)"",""distance_m"":4.10,""arrow_visible"":true,""route"":""B"",""condition"":""hybrid"",""has_map_calib"":true,""calib_source"":""anchor_3""}"
2026-03-15T20:22:23.111,P02,hybrid,GLASS_ARROW_OFFSET,,36.0,105.9,10.4,,,B1,,,,P02_20260315_202130,Set2,T1,,,,,,,"{""offset_angle"":-8.6,""trigger_id"":""T1""}"
2026-03-15T20:22:23.264,P02,hybrid,GLASS_ARROW_OFFSET,,35.8,106.0,10.5,,,B1,,,,P02_20260315_202130,Set2,T1,,,,,,,"{""offset_angle"":-9.8,""trigger_id"":""T1""}"
2026-03-15T20:22:23.428,P02,hybrid,GLASS_ARROW_OFFSET,,35.5,106.3,10.0,,,B1,,,,P02_20260315_202130,Set2,T1,,,,,,,"{""offset_angle"":-4.4,""trigger_id"":""T1""}"
2026-03-15T20:22:23.594,P02,hybrid,GLASS_ARROW_OFFSET,,35.7,106.2,9.8,,,B1,,,,P02_20260315_202130,Set2,T1,,,,,,,"{""offset_angle"":-0.4,""trigger_id"":""T1""}"
2026-03-15T20:22:23.742,P02,hybrid,GLASS_ARROW_OFFSET,,36.0,105.9,9.6,,,B1,,,,P02_20260315_202130,Set2,T1,,,,,,,"{""offset_angle"":18.1,""trigger_id"":""T1""}"
2026-03-15T20:22:23.895,P02,hybrid,GLASS_ARROW_OFFSET,,36.0,105.8,9.8,,,B1,,,,P02_20260315_202130,Set2,T1,,,,,,,"{""offset_angle"":1.7,""trigger_id"":""T1""}"
2026-03-15T20:22:24.046,P02,hybrid,GLASS_ARROW_HIDDEN,,35.9,106.0,9.8,,,B1,,,,P02_20260315_202130,Set2,,,,,,,,{}
2026-03-15T20:22:24.199,P02,hybrid,BEAM_TAB_SWITCH,,35.8,106.0,9.7,,,B1,,,map,P02_20260315_202130,Set2,,,,,,,,"{""tab_index"":0}"
2026-03-15T20:22:24.205,P02,hybrid,GLASS_ARROW_SHOWN,,35.8,106.0,9.7,,,B1,,,,P02_20260315_202130,Set2,,,,,,,,{}
2026-03-15T20:22:24.206,P02,hybrid,BEAM_INFO_CARD_OPENED,,35.8,106.0,9.7,,,B1,,,s2_card_02,P02_20260315_202130,Set2,,,,,,,,{}
2026-03-15T20:22:24.207,P02,hybrid,BEAM_TAB_SWITCH,,35.8,106.0,9.7,,,B1,,,info_card,P02_20260315_202130,Set2,,,,,,,,"{""tab_index"":1}"
2026-03-15T20:22:24.208,P02,hybrid,WAYPOINT_REACHED,WP03,35.8,106.0,9.7,,,B1,,,,P02_20260315_202130,Set2,,,radius,,,,,"{""cause"":""radius"",""is_target"":true}"
2026-03-15T20:22:24.225,P02,hybrid,MISSION_ARRIVAL,WP03,35.8,106.0,9.7,,,B1,,,,P02_20260315_202130,Set2,,,,,,,,"{""mission_id"":""B1""}"
2026-03-15T20:22:25.681,P02,hybrid,PAUSE_END,WP04,38.5,103.0,6.5,,,B1,,,,P02_20260315_202130,Set2,,,,11.2,,,,"{""duration_s"":11.2,""position"":""(19.06, 0.01, -8.43)""}"
2026-03-15T20:22:28.121,P02,hybrid,NAV_STATE_SNAPSHOT,WP04,5.8,107.4,355.0,,,B1,,,,P02_20260315_202130,Set2,,,,,14.75,false,true,"{""anchor_bound"":false,""player_pos"":""(20.00, 1.20, -9.17)"",""target_pos"":""(36.00, 0.00, 57.00)"",""distance_m"":14.75,""arrow_visible"":true,""route"":""B"",""condition"":""hybrid"",""has_map_calib"":true,""calib_source"":""anchor_3""}"
2026-03-15T20:22:29.067,P02,hybrid,GLASS_ARROW_SHOWN,,4.9,113.4,357.7,,,B1,,,,P02_20260315_202130,Set2,,,,,,,,{}
2026-03-15T20:22:29.067,P02,hybrid,TRIGGER_RESPONSE,,4.9,113.4,357.7,,,B1,,,,P02_20260315_202130,Set2,T1,T1_TrackingDegradation,none,11.4,,,,"{""trigger_id"":""T1"",""trigger_type"":""T1_TrackingDegradation"",""reaction_time_s"":11.4,""first_action"":""none""}"
2026-03-15T20:22:29.067,P02,hybrid,TRIGGER_DEACTIVATED,,4.9,113.4,357.7,,,B1,,,,P02_20260315_202130,Set2,T1,T1_TrackingDegradation,,11.4,,,,"{""trigger_type"":""T1_TrackingDegradation"",""duration_s"":11.4}"
2026-03-15T20:22:33.134,P02,hybrid,NAV_STATE_SNAPSHOT,WP04,41.4,91.8,3.6,,,B1,,,,P02_20260315_202130,Set2,,,,,10.84,false,true,"{""anchor_bound"":false,""player_pos"":""(23.52, 1.11, -10.87)"",""target_pos"":""(36.00, 0.00, 57.00)"",""distance_m"":10.84,""arrow_visible"":true,""route"":""B"",""condition"":""hybrid"",""has_map_calib"":true,""calib_source"":""anchor_3""}"
2026-03-15T20:22:37.846,P02,hybrid,BEAM_TAB_SWITCH,,44.2,53.2,1.2,,,B1,,,map,P02_20260315_202130,Set2,,,,,,,,"{""tab_index"":0}"
2026-03-15T20:22:37.848,P02,hybrid,VERIFICATION_ANSWERED,WP03,44.2,53.2,1.2,,,B1,,true,,P02_20260315_202130,Set2,,,,,,,,"{""mission_id"":""B1"",""answer"":1,""correct"":true,""rt_s"":13.6}"
2026-03-15T20:22:38.145,P02,hybrid,NAV_STATE_SNAPSHOT,WP04,44.2,57.3,3.1,,,B1,,,,P02_20260315_202130,Set2,,,,,7.71,false,true,"{""anchor_bound"":false,""player_pos"":""(26.41, 1.13, -12.13)"",""target_pos"":""(36.00, 0.00, 57.00)"",""distance_m"":7.71,""arrow_visible"":true,""route"":""B"",""condition"":""hybrid"",""has_map_calib"":true,""calib_source"":""anchor_3""}"
2026-03-15T20:22:41.020,P02,hybrid,BEAM_TAB_SWITCH,,47.2,56.8,9.3,,,B1,,,map,P02_20260315_202130,Set2,,,,,,,,"{""tab_index"":0}"
2026-03-15T20:22:41.021,P02,hybrid,CONFIDENCE_RATED,WP03,47.2,56.8,9.3,,5,B1,,,,P02_20260315_202130,Set2,,,,,,,,"{""mission_id"":""B1"",""rating"":5}"
2026-03-15T20:22:42.020,P02,hybrid,PAUSE_START,WP04,47.9,53.9,8.7,,,B1,,,,P02_20260315_202130,Set2,,,,,,,,"{""position"":""(26.73, 0.00, -12.11)""}"
2026-03-15T20:22:42.525,P02,hybrid,BEAM_TAB_SWITCH,,48.3,57.2,8.7,,,B1,,,map,P02_20260315_202130,Set2,,,,,,,,"{""tab_index"":0}"
2026-03-15T20:22:42.526,P02,hybrid,DIFFICULTY_RATED,,48.3,57.2,8.7,,,B1,1,,,P02_20260315_202130,Set2,,,,,,,,"{""mission_id"":""B1"",""rating"":1}"
2026-03-15T20:22:42.527,P02,hybrid,MISSION_COMPLETE,,48.3,57.2,8.7,,,B1,,true,,P02_20260315_202130,Set2,,,,24.9,,,,"{""mission_id"":""B1"",""correct"":true,""duration_s"":25}"
2026-03-15T20:22:42.528,P02,hybrid,GLASS_ARROW_SHOWN,,48.3,57.2,8.7,,,B1,,,,P02_20260315_202130,Set2,,,,,,,,{}
2026-03-15T20:22:43.159,P02,hybrid,NAV_STATE_SNAPSHOT,WP04,49.0,57.6,10.0,,,B1,,,,P02_20260315_202130,Set2,,,,,7.47,false,true,"{""anchor_bound"":false,""player_pos"":""(26.73, 1.11, -12.08)"",""target_pos"":""(36.00, 0.00, 57.00)"",""distance_m"":7.47,""arrow_visible"":true,""route"":""B"",""condition"":""hybrid"",""has_map_calib"":true,""calib_source"":""anchor_3""}"
2026-03-15T20:22:44.062,P02,hybrid,PAUSE_END,WP04,4.7,98.6,1.8,,,B1,,,,P02_20260315_202130,Set2,,,,4.1,,,,"{""duration_s"":4.1,""position"":""(26.70, 0.10, -12.20)""}"
2026-03-15T20:22:44.543,P02,hybrid,BEAM_MAP_ZOOMED,,10.2,105.2,2.3,,,B1,,,,P02_20260315_202130,Set2,,,,,,,,"{""zoom_level"":3.0}"
2026-03-15T20:22:44.544,P02,hybrid,MISSION_START,,10.2,105.2,2.3,,,A2,,,,P02_20260315_202130,Set2,,,,,,,,"{""mission_id"":""A2"",""type"":""A_DirectionVerify"",""briefing"":""Find the Networked Systems Lab (NSL). Upon arrival, check the room number.""}"
2026-03-15T20:22:48.167,P02,hybrid,NAV_STATE_SNAPSHOT,WP04,1.3,102.4,357.2,,,A2,,,,P02_20260315_202130,Set2,,,,,5.70,false,true,"{""anchor_bound"":false,""player_pos"":""(28.16, 1.23, -13.12)"",""target_pos"":""(36.00, 0.00, 57.00)"",""distance_m"":5.70,""arrow_visible"":true,""route"":""B"",""condition"":""hybrid"",""has_map_calib"":true,""calib_source"":""anchor_3""}"
2026-03-15T20:22:49.505,P02,hybrid,BEAM_TAB_SWITCH,,36.4,91.0,5.9,,,A2,,,map,P02_20260315_202130,Set2,,,,,,,,"{""tab_index"":0}"
2026-03-15T20:22:49.508,P02,hybrid,GLASS_ARROW_SHOWN,,36.4,91.0,5.9,,,A2,,,,P02_20260315_202130,Set2,,,,,,,,{}
2026-03-15T20:22:50.240,P02,hybrid,WAYPOINT_REACHED,WP04,29.0,99.2,2.6,,,A2,,,,P02_20260315_202130,Set2,,,radius,,,,,"{""cause"":""radius"",""is_target"":false}"
2026-03-15T20:22:53.165,P02,hybrid,NAV_STATE_SNAPSHOT,WP05,358.6,98.1,357.0,,,A2,,,,P02_20260315_202130,Set2,,,,,10.54,false,true,"{""anchor_bound"":false,""player_pos"":""(31.98, 1.23, -14.78)"",""target_pos"":""(36.00, 0.00, 66.00)"",""distance_m"":10.54,""arrow_visible"":true,""route"":""B"",""condition"":""hybrid"",""has_map_calib"":true,""calib_source"":""anchor_3""}"
2026-03-15T20:22:58.167,P02,hybrid,NAV_STATE_SNAPSHOT,WP05,43.3,82.0,358.7,,,A2,,,,P02_20260315_202130,Set2,,,,,6.71,false,true,"{""anchor_bound"":false,""player_pos"":""(35.56, 1.16, -16.25)"",""target_pos"":""(36.00, 0.00, 66.00)"",""distance_m"":6.71,""arrow_visible"":true,""route"":""B"",""condition"":""hybrid"",""has_map_calib"":true,""calib_source"":""anchor_3""}"
2026-03-15T20:23:00.614,P02,hybrid,BEAM_INFO_CARD_OPENED,,43.6,89.9,359.2,,,A2,,,s2_card_03,P02_20260315_202130,Set2,,,,,,,,{}
2026-03-15T20:23:00.617,P02,hybrid,BEAM_TAB_SWITCH,,43.6,89.9,359.2,,,A2,,,info_card,P02_20260315_202130,Set2,,,,,,,,"{""tab_index"":1}"
2026-03-15T20:23:00.617,P02,hybrid,WAYPOINT_REACHED,WP05,43.6,89.9,359.2,,,A2,,,,P02_20260315_202130,Set2,,,radius,,,,,"{""cause"":""radius"",""is_target"":true}"
2026-03-15T20:23:00.619,P02,hybrid,MISSION_ARRIVAL,WP05,43.6,89.9,359.2,,,A2,,,,P02_20260315_202130,Set2,,,,,,,,"{""mission_id"":""A2""}"
2026-03-15T20:23:03.171,P02,hybrid,NAV_STATE_SNAPSHOT,WP06,354.6,335.7,355.3,,,A2,,,,P02_20260315_202130,Set2,,,,,11.29,false,true,"{""anchor_bound"":false,""player_pos"":""(37.44, 1.28, -17.13)"",""target_pos"":""(39.00, 0.00, 72.00)"",""distance_m"":11.29,""arrow_visible"":true,""route"":""B"",""condition"":""hybrid"",""has_map_calib"":true,""calib_source"":""anchor_3""}"
2026-03-15T20:23:05.110,P02,hybrid,BEAM_TAB_SWITCH,,37.7,58.1,8.3,,,A2,,,map,P02_20260315_202130,Set2,,,,,,,,"{""tab_index"":0}"
2026-03-15T20:23:05.114,P02,hybrid,VERIFICATION_ANSWERED,WP05,37.7,58.1,8.3,,,A2,,true,,P02_20260315_202130,Set2,,,,,,,,"{""mission_id"":""A2"",""answer"":1,""correct"":true,""rt_s"":4.5}"
2026-03-15T20:23:06.530,P02,hybrid,PAUSE_START,WP06,40.9,42.9,9.1,,,A2,,,,P02_20260315_202130,Set2,,,,,,,,"{""position"":""(37.54, 0.04, -17.16)""}"
2026-03-15T20:23:07.484,P02,hybrid,BEAM_TAB_SWITCH,,40.9,41.8,9.5,,,A2,,,map,P02_20260315_202130,Set2,,,,,,,,"{""tab_index"":0}"
2026-03-15T20:23:07.485,P02,hybrid,CONFIDENCE_RATED,WP05,40.9,41.8,9.5,,6,A2,,,,P02_20260315_202130,Set2,,,,,,,,"{""mission_id"":""A2"",""rating"":6}"
2026-03-15T20:23:08.065,P02,hybrid,PAUSE_END,WP06,40.0,38.4,9.3,,,A2,,,,P02_20260315_202130,Set2,,,,3.6,,,,"{""duration_s"":3.6,""position"":""(37.64, 0.06, -17.25)""}"
2026-03-15T20:23:08.185,P02,hybrid,NAV_STATE_SNAPSHOT,WP06,40.1,38.1,9.2,,,A2,,,,P02_20260315_202130,Set2,,,,,11.03,false,true,"{""anchor_bound"":false,""player_pos"":""(37.66, 1.17, -17.27)"",""target_pos"":""(39.00, 0.00, 72.00)"",""distance_m"":11.03,""arrow_visible"":true,""route"":""B"",""condition"":""hybrid"",""has_map_calib"":true,""calib_source"":""anchor_3""}"
2026-03-15T20:23:10.605,P02,hybrid,PAUSE_START,WP06,43.0,45.6,10.5,,,A2,,,,P02_20260315_202130,Set2,,,,,,,,"{""position"":""(37.70, 0.01, -17.29)""}"
2026-03-15T20:23:11.162,P02,hybrid,BEAM_TAB_SWITCH,,44.2,43.0,10.0,,,A2,,,map,P02_20260315_202130,Set2,,,,,,,,"{""tab_index"":0}"
2026-03-15T20:23:11.163,P02,hybrid,DIFFICULTY_RATED,,44.2,43.0,10.0,,,A2,1,,,P02_20260315_202130,Set2,,,,,,,,"{""mission_id"":""A2"",""rating"":1}"
2026-03-15T20:23:11.164,P02,hybrid,MISSION_COMPLETE,,44.2,43.0,10.0,,,A2,,true,,P02_20260315_202130,Set2,,,,26.6,,,,"{""mission_id"":""A2"",""correct"":true,""duration_s"":27}"
2026-03-15T20:23:11.625,P02,hybrid,PAUSE_END,WP06,44.3,49.2,10.5,,,A2,,,,P02_20260315_202130,Set2,,,,3.0,,,,"{""duration_s"":3.0,""position"":""(37.67, -0.06, -17.23)""}"
2026-03-15T20:23:13.182,P02,hybrid,BEAM_MAP_ZOOMED,,44.1,50.0,12.8,,,A2,,,,P02_20260315_202130,Set2,,,,,,,,"{""zoom_level"":3.0}"
2026-03-15T20:23:13.183,P02,hybrid,MISSION_START,,44.1,50.0,12.8,,,B2,,,,P02_20260315_202130,Set2,,,,,,,,"{""mission_id"":""B2"",""type"":""B_AmbiguousDecision"",""briefing"":""Find Prof. Lee's office at the far end of this corridor.""}"
2026-03-15T20:23:13.193,P02,hybrid,TRIGGER_ACTIVATED,,44.1,50.0,12.8,,,B2,,,,P02_20260315_202130,Set2,T4,T4_GuidanceAbsence,,,,,,"{""trigger_type"":""T4_GuidanceAbsence"",""trigger_id"":""T4""}"
2026-03-15T20:23:13.193,P02,hybrid,GLASS_ARROW_HIDDEN,,44.1,50.0,12.8,,,B2,,,,P02_20260315_202130,Set2,,,,,,,,{}
2026-03-15T20:23:13.206,P02,hybrid,NAV_STATE_SNAPSHOT,WP06,44.1,50.0,12.8,,,B2,,,,P02_20260315_202130,Set2,,,,,11.07,false,false,"{""anchor_bound"":false,""player_pos"":""(37.69, 1.05, -17.19)"",""target_pos"":""(39.00, 0.00, 72.00)"",""distance_m"":11.07,""arrow_visible"":false,""route"":""B"",""condition"":""hybrid"",""has_map_calib"":true,""calib_source"":""anchor_3""}"
2026-03-15T20:23:14.181,P02,hybrid,PAUSE_START,WP06,44.4,49.2,11.5,,,B2,,,,P02_20260315_202130,Set2,,,,,,,,"{""position"":""(37.71, -0.08, -17.20)""}"
2026-03-15T20:23:16.586,P02,hybrid,BEAM_TAB_SWITCH,,44.9,52.1,12.7,,,B2,,,map,P02_20260315_202130,Set2,,,,,,,,"{""tab_index"":0}"
2026-03-15T20:23:16.592,P02,hybrid,GLASS_ARROW_SHOWN,,44.9,52.1,12.7,,,B2,,,,P02_20260315_202130,Set2,,,,,,,,{}
2026-03-15T20:23:18.207,P02,hybrid,NAV_STATE_SNAPSHOT,WP06,39.5,64.5,6.2,,,B2,,,,P02_20260315_202130,Set2,,,,,10.93,false,true,"{""anchor_bound"":false,""player_pos"":""(37.82, 1.10, -17.26)"",""target_pos"":""(39.00, 0.00, 72.00)"",""distance_m"":10.93,""arrow_visible"":true,""route"":""B"",""condition"":""hybrid"",""has_map_calib"":true,""calib_source"":""anchor_3""}"
2026-03-15T20:23:18.257,P02,hybrid,PAUSE_END,WP06,37.0,68.1,5.1,,,B2,,,,P02_20260315_202130,Set2,,,,6.1,,,,"{""duration_s"":6.1,""position"":""(37.82, -0.02, -17.26)""}"
2026-03-15T20:23:23.230,P02,hybrid,NAV_STATE_SNAPSHOT,WP06,45.3,105.5,12.5,,,B2,,,,P02_20260315_202130,Set2,,,,,8.54,false,true,"{""anchor_bound"":false,""player_pos"":""(40.28, 1.10, -18.34)"",""target_pos"":""(39.00, 0.00, 72.00)"",""distance_m"":8.54,""arrow_visible"":true,""route"":""B"",""condition"":""hybrid"",""has_map_calib"":true,""calib_source"":""anchor_3""}"
2026-03-15T20:23:25.075,P02,hybrid,GLASS_ARROW_HIDDEN,,44.2,89.0,13.6,,,B2,,,,P02_20260315_202130,Set2,,,,,,,,{}
2026-03-15T20:23:25.075,P02,hybrid,ARRIVAL_FORCED,,44.2,89.0,13.6,,,B2,,,,P02_20260315_202130,Set2,,,,,,,,"{""mission_id"":""B2"",""forced"":true}"
2026-03-15T20:23:25.080,P02,hybrid,MISSION_ARRIVAL,WP06,44.2,89.0,13.6,,,B2,,,,P02_20260315_202130,Set2,,,,,,,,"{""mission_id"":""B2""}"
2026-03-15T20:23:27.454,P02,hybrid,BEAM_TAB_SWITCH,,34.3,46.0,4.6,,,B2,,,map,P02_20260315_202130,Set2,,,,,,,,"{""tab_index"":0}"
2026-03-15T20:23:27.456,P02,hybrid,VERIFICATION_ANSWERED,WP06,34.3,46.0,4.6,,,B2,,true,,P02_20260315_202130,Set2,,,,,,,,"{""mission_id"":""B2"",""answer"":0,""correct"":true,""rt_s"":2.4}"
2026-03-15T20:23:28.218,P02,hybrid,NAV_STATE_SNAPSHOT,WP07,38.8,34.1,10.3,,,B2,,,,P02_20260315_202130,Set2,,,,,17.45,true,false,"{""anchor_bound"":true,""player_pos"":""(41.04, 1.11, -18.78)"",""target_pos"":""(24.88, 1.06, -12.17)"",""distance_m"":17.45,""arrow_visible"":false,""route"":""B"",""condition"":""hybrid"",""has_map_calib"":true,""calib_source"":""anchor_3""}"
2026-03-15T20:23:33.075,P02,hybrid,PAUSE_START,WP07,42.3,293.3,7.9,,,B2,,,,P02_20260315_202130,Set2,,,,,,,,"{""position"":""(40.81, -0.01, -18.86)""}"
2026-03-15T20:23:33.230,P02,hybrid,NAV_STATE_SNAPSHOT,WP07,42.1,293.2,7.9,,,B2,,,,P02_20260315_202130,Set2,,,,,17.27,true,false,"{""anchor_bound"":true,""player_pos"":""(40.81, 1.11, -18.85)"",""target_pos"":""(24.88, 1.06, -12.17)"",""distance_m"":17.27,""arrow_visible"":false,""route"":""B"",""condition"":""hybrid"",""has_map_calib"":true,""calib_source"":""anchor_3""}"
2026-03-15T20:23:33.797,P02,hybrid,BEAM_TAB_SWITCH,,43.6,293.9,8.7,,,B2,,,map,P02_20260315_202130,Set2,,,,,,,,"{""tab_index"":0}"
2026-03-15T20:23:33.799,P02,hybrid,CONFIDENCE_RATED,WP06,43.6,293.9,8.7,,4,B2,,,,P02_20260315_202130,Set2,,,,,,,,"{""mission_id"":""B2"",""rating"":4}"
2026-03-15T20:23:35.134,P02,hybrid,BEAM_TAB_SWITCH,,44.2,299.4,8.9,,,B2,,,map,P02_20260315_202130,Set2,,,,,,,,"{""tab_index"":0}"
2026-03-15T20:23:35.140,P02,hybrid,DIFFICULTY_RATED,,44.2,299.4,8.9,,,B2,1,,,P02_20260315_202130,Set2,,,,,,,,"{""mission_id"":""B2"",""rating"":1}"
2026-03-15T20:23:35.142,P02,hybrid,MISSION_COMPLETE,,44.2,299.4,8.9,,,B2,,true,,P02_20260315_202130,Set2,,,,22.0,,,,"{""mission_id"":""B2"",""correct"":true,""duration_s"":22}"
2026-03-15T20:23:35.142,P02,hybrid,TRIGGER_RESPONSE,,44.2,299.4,8.9,,,B2,,,,P02_20260315_202130,Set2,T4,T4_GuidanceAbsence,none,22.0,,,,"{""trigger_id"":""T4"",""trigger_type"":""T4_GuidanceAbsence"",""reaction_time_s"":22.0,""first_action"":""none""}"
2026-03-15T20:23:35.142,P02,hybrid,TRIGGER_DEACTIVATED,,44.2,299.4,8.9,,,B2,,,,P02_20260315_202130,Set2,T4,T4_GuidanceAbsence,,22.0,,,,"{""trigger_type"":""T4_GuidanceAbsence"",""duration_s"":22.0}"
2026-03-15T20:23:35.144,P02,hybrid,GLASS_ARROW_SHOWN,,44.2,299.4,8.9,,,B2,,,,P02_20260315_202130,Set2,,,,,,,,{}
2026-03-15T20:23:36.089,P02,hybrid,PAUSE_END,WP07,14.5,298.1,0.5,,,B2,,,,P02_20260315_202130,Set2,,,,5.1,,,,"{""duration_s"":5.1,""position"":""(40.84, 0.06, -18.86)""}"
2026-03-15T20:23:37.141,P02,hybrid,BEAM_MAP_ZOOMED,,32.1,307.9,11.3,,,B2,,,,P02_20260315_202130,Set2,,,,,,,,"{""zoom_level"":3.0}"
2026-03-15T20:23:37.142,P02,hybrid,MISSION_START,,32.1,307.9,11.3,,,C1,,,,P02_20260315_202130,Set2,,,,,,,,"{""mission_id"":""C1"",""type"":""C_InfoIntegration"",""briefing"":""Check rooms B101 and B102. Compare the amount of notices, posters, and papers posted outside each room's door and wall.""}"
2026-03-15T20:23:38.237,P02,hybrid,NAV_STATE_SNAPSHOT,WP07,41.8,312.2,11.7,,,C1,,,,P02_20260315_202130,Set2,,,,,17.27,true,true,"{""anchor_bound"":true,""player_pos"":""(40.81, 1.11, -18.85)"",""target_pos"":""(24.88, 1.06, -12.17)"",""distance_m"":17.27,""arrow_visible"":true,""route"":""B"",""condition"":""hybrid"",""has_map_calib"":true,""calib_source"":""anchor_3""}"
2026-03-15T20:23:38.605,P02,hybrid,PAUSE_START,WP07,42.9,310.2,11.3,,,C1,,,,P02_20260315_202130,Set2,,,,,,,,"{""position"":""(40.79, -0.01, -18.82)""}"
2026-03-15T20:23:39.116,P02,hybrid,PAUSE_END,WP07,46.2,303.4,6.6,,,C1,,,,P02_20260315_202130,Set2,,,,2.5,,,,"{""duration_s"":2.5,""position"":""(40.78, -0.01, -18.72)""}"
2026-03-15T20:23:42.032,P02,hybrid,BEAM_TAB_SWITCH,,45.6,285.0,7.1,,,C1,,,map,P02_20260315_202130,Set2,,,,,,,,"{""tab_index"":0}"
2026-03-15T20:23:42.037,P02,hybrid,GLASS_ARROW_SHOWN,,45.6,285.0,7.1,,,C1,,,,P02_20260315_202130,Set2,,,,,,,,{}
2026-03-15T20:23:43.258,P02,hybrid,NAV_STATE_SNAPSHOT,WP07,45.9,287.6,6.4,,,C1,,,,P02_20260315_202130,Set2,,,,,16.77,true,true,"{""anchor_bound"":true,""player_pos"":""(40.45, 1.10, -18.40)"",""target_pos"":""(24.88, 1.06, -12.17)"",""distance_m"":16.77,""arrow_visible"":true,""route"":""B"",""condition"":""hybrid"",""has_map_calib"":true,""calib_source"":""anchor_3""}"
2026-03-15T20:23:44.706,P02,hybrid,PAUSE_START,WP07,45.7,298.1,8.5,,,C1,,,,P02_20260315_202130,Set2,,,,,,,,"{""position"":""(40.44, -0.02, -18.47)""}"
2026-03-15T20:23:48.264,P02,hybrid,NAV_STATE_SNAPSHOT,WP07,47.2,301.3,8.6,,,C1,,,,P02_20260315_202130,Set2,,,,,16.77,true,true,"{""anchor_bound"":true,""player_pos"":""(40.43, 1.09, -18.47)"",""target_pos"":""(24.88, 1.06, -12.17)"",""distance_m"":16.77,""arrow_visible"":true,""route"":""B"",""condition"":""hybrid"",""has_map_calib"":true,""calib_source"":""anchor_3""}"
2026-03-15T20:23:49.087,P02,hybrid,HEADING_CALIBRATION,,47.4,301.6,8.9,,,C1,,,,P02_20260315_202130,Set2,,,,,,,,"{""source"":""manual_2pt"",""offset_deg"":-79.4}"
2026-03-15T20:23:49.087,P02,hybrid,MANUAL_CALIBRATION,WP07,47.4,301.6,8.9,,,C1,,,,P02_20260315_202130,Set2,,,,,,,,"{""camera_pos"":""(40.43, -18.47)"",""fallback_pos"":""(36.00, 48.00)"",""heading_offset"":-79.4}"
2026-03-15T20:23:49.270,P02,hybrid,MANUAL_CALIBRATION,WP07,47.3,301.8,9.0,,,C1,,,,P02_20260315_202130,Set2,,,,,,,,"{""camera_pos"":""(40.43, -18.47)"",""fallback_pos"":""(36.00, 48.00)"",""heading_offset"":-79.4}"
2026-03-15T20:23:49.467,P02,hybrid,MANUAL_CALIBRATION,WP07,47.2,302.0,9.2,,,C1,,,,P02_20260315_202130,Set2,,,,,,,,"{""camera_pos"":""(40.43, -18.48)"",""fallback_pos"":""(36.00, 48.00)"",""heading_offset"":-79.4}"
2026-03-15T20:23:53.275,P02,hybrid,NAV_STATE_SNAPSHOT,WP07,49.1,297.7,9.9,,,C1,,,,P02_20260315_202130,Set2,,,,,16.72,true,true,"{""anchor_bound"":true,""player_pos"":""(40.36, 1.08, -18.50)"",""target_pos"":""(24.88, 1.06, -12.17)"",""distance_m"":16.72,""arrow_visible"":true,""route"":""B"",""condition"":""hybrid"",""has_map_calib"":true,""calib_source"":""manual""}"
2026-03-15T20:23:53.875,P02,hybrid,PAUSE_END,WP07,50.8,287.4,2.6,,,C1,,,,P02_20260315_202130,Set2,,,,11.2,,,,"{""duration_s"":11.2,""position"":""(40.18, -0.05, -18.36)""}"
2026-03-15T20:23:58.271,P02,hybrid,NAV_STATE_SNAPSHOT,WP07,46.2,296.7,3.9,,,C1,,,,P02_20260315_202130,Set2,,,,,13.74,true,true,"{""anchor_bound"":true,""player_pos"":""(37.66, 1.08, -17.22)"",""target_pos"":""(24.88, 1.06, -12.17)"",""distance_m"":13.74,""arrow_visible"":true,""route"":""B"",""condition"":""hybrid"",""has_map_calib"":true,""calib_source"":""manual""}"
2026-03-15T20:24:03.282,P02,hybrid,NAV_STATE_SNAPSHOT,WP07,47.2,297.4,357.8,,,C1,,,,P02_20260315_202130,Set2,,,,,11.41,true,true,"{""anchor_bound"":true,""player_pos"":""(35.58, 1.08, -16.14)"",""target_pos"":""(24.88, 1.06, -12.17)"",""distance_m"":11.41,""arrow_visible"":true,""route"":""B"",""condition"":""hybrid"",""has_map_calib"":true,""calib_source"":""manual""}"
2026-03-15T20:24:08.294,P02,hybrid,NAV_STATE_SNAPSHOT,WP07,46.0,339.5,10.2,,,C1,,,,P02_20260315_202130,Set2,,,,,10.45,true,true,"{""anchor_bound"":true,""player_pos"":""(34.64, 1.09, -15.91)"",""target_pos"":""(24.88, 1.06, -12.17)"",""distance_m"":10.45,""arrow_visible"":true,""route"":""B"",""condition"":""hybrid"",""has_map_calib"":true,""calib_source"":""manual""}"
2026-03-15T20:24:08.632,P02,hybrid,PAUSE_START,WP07,45.9,332.7,9.0,,,C1,,,,P02_20260315_202130,Set2,,,,,,,,"{""position"":""(34.63, -0.03, -15.91)""}"
2026-03-15T20:24:09.111,P02,hybrid,GLASS_ARROW_HIDDEN,,47.6,328.5,8.0,,,C1,,,,P02_20260315_202130,Set2,,,,,,,,{}
2026-03-15T20:24:09.112,P02,hybrid,ARRIVAL_FORCED,,47.6,328.5,8.0,,,C1,,,,P02_20260315_202130,Set2,,,,,,,,"{""mission_id"":""C1"",""forced"":true}"
2026-03-15T20:24:09.114,P02,hybrid,MISSION_ARRIVAL,WP07,47.6,328.5,8.0,,,C1,,,,P02_20260315_202130,Set2,,,,,,,,"{""mission_id"":""C1""}"
2026-03-15T20:24:10.650,P02,hybrid,PAUSE_END,WP08,348.1,359.3,356.7,,,C1,,,,P02_20260315_202130,Set2,,,,4.0,,,,"{""duration_s"":4.0,""position"":""(34.69, 0.10, -15.96)""}"
2026-03-15T20:24:13.295,P02,hybrid,NAV_STATE_SNAPSHOT,WP08,21.3,11.0,5.9,,,C1,,,,P02_20260315_202130,Set2,,,,,50.09,false,false,"{""anchor_bound"":false,""player_pos"":""(34.86, 1.17, -16.02)"",""target_pos"":""(36.00, 0.00, -7.00)"",""distance_m"":50.09,""arrow_visible"":false,""route"":""B"",""condition"":""hybrid"",""has_map_calib"":true,""calib_source"":""manual""}"
2026-03-15T20:24:17.186,P02,hybrid,BEAM_TAB_SWITCH,,47.5,302.7,6.3,,,C1,,,map,P02_20260315_202130,Set2,,,,,,,,"{""tab_index"":0}"
2026-03-15T20:24:17.187,P02,hybrid,VERIFICATION_ANSWERED,WP07,47.5,302.7,6.3,,,C1,,true,,P02_20260315_202130,Set2,,,,,,,,"{""mission_id"":""C1"",""answer"":1,""correct"":true,""rt_s"":8.1}"
2026-03-15T20:24:18.318,P02,hybrid,NAV_STATE_SNAPSHOT,WP08,46.8,278.9,358.6,,,C1,,,,P02_20260315_202130,Set2,,,,,49.63,false,false,"{""anchor_bound"":false,""player_pos"":""(34.26, 1.10, -15.57)"",""target_pos"":""(36.00, 0.00, -7.00)"",""distance_m"":49.63,""arrow_visible"":false,""route"":""B"",""condition"":""hybrid"",""has_map_calib"":true,""calib_source"":""manual""}"
2026-03-15T20:24:19.658,P02,hybrid,BEAM_TAB_SWITCH,,46.2,293.6,6.5,,,C1,,,map,P02_20260315_202130,Set2,,,,,,,,"{""tab_index"":0}"
2026-03-15T20:24:19.660,P02,hybrid,CONFIDENCE_RATED,WP07,46.2,293.6,6.5,,7,C1,,,,P02_20260315_202130,Set2,,,,,,,,"{""mission_id"":""C1"",""rating"":7}"
2026-03-15T20:24:20.359,P02,hybrid,PAUSE_START,WP08,45.2,300.5,8.3,,,C1,,,,P02_20260315_202130,Set2,,,,,,,,"{""position"":""(34.14, -0.02, -15.69)""}"
2026-03-15T20:24:22.510,P02,hybrid,BEAM_TAB_SWITCH,,48.4,308.8,14.4,,,C1,,,map,P02_20260315_202130,Set2,,,,,,,,"{""tab_index"":0}"
2026-03-15T20:24:22.513,P02,hybrid,DIFFICULTY_RATED,,48.4,308.8,14.4,,,C1,2,,,P02_20260315_202130,Set2,,,,,,,,"{""mission_id"":""C1"",""rating"":2}"
2026-03-15T20:24:22.515,P02,hybrid,MISSION_COMPLETE,,48.4,308.8,14.4,,,C1,,true,,P02_20260315_202130,Set2,,,,45.4,,,,"{""mission_id"":""C1"",""correct"":true,""duration_s"":45}"
2026-03-15T20:24:22.516,P02,hybrid,GLASS_ARROW_HIDDEN,,48.4,308.8,14.4,,,C1,,,,P02_20260315_202130,Set2,,,,,,,,{}
2026-03-15T20:24:23.337,P02,hybrid,NAV_STATE_SNAPSHOT,WP08,49.4,292.0,9.7,,,C1,,,,P02_20260315_202130,Set2,,,,,49.37,false,false,"{""anchor_bound"":false,""player_pos"":""(34.01, 1.08, -15.65)"",""target_pos"":""(36.00, 0.00, -7.00)"",""distance_m"":49.37,""arrow_visible"":false,""route"":""B"",""condition"":""hybrid"",""has_map_calib"":true,""calib_source"":""manual""}"
2026-03-15T20:24:23.380,P02,hybrid,PAUSE_END,WP08,49.7,290.6,9.5,,,C1,,,,P02_20260315_202130,Set2,,,,5.1,,,,"{""duration_s"":5.1,""position"":""(34.01, -0.04, -15.65)""}"
2026-03-15T20:24:24.518,P02,hybrid,ROUTE_END,,50.3,294.1,10.0,,,C1,,,,P02_20260315_202130,Set2,,,,,,,,"{""route_id"":""Set2""}"
2026-03-15T20:24:24.519,P02,hybrid,SURVEY_START,,50.3,294.1,10.0,,,C1,,,,P02_20260315_202130,Set2,,,,,,,,"{""survey"":""post_condition""}"
2026-03-15T20:24:25.957,P02,hybrid,PAUSE_START,WP08,47.9,293.6,7.4,,,C1,,,,P02_20260315_202130,Set2,,,,,,,,"{""position"":""(34.04, -0.04, -15.74)""}"
2026-03-15T20:24:26.469,P02,hybrid,PAUSE_END,WP08,16.4,295.1,356.6,,,C1,,,,P02_20260315_202130,Set2,,,,2.6,,,,"{""duration_s"":2.6,""position"":""(33.92, 0.02, -15.57)""}"
2026-03-15T20:24:28.344,P02,hybrid,NAV_STATE_SNAPSHOT,WP08,38.4,284.2,6.4,,,C1,,,,P02_20260315_202130,Set2,,,,,48.46,false,false,"{""anchor_bound"":false,""player_pos"":""(32.83, 1.12, -14.80)"",""target_pos"":""(36.00, 0.00, -7.00)"",""distance_m"":48.46,""arrow_visible"":false,""route"":""B"",""condition"":""hybrid"",""has_map_calib"":true,""calib_source"":""manual""}"
2026-03-15T20:24:29.281,P02,hybrid,SURVEY_START,,40.5,280.0,2.9,,,C1,,,,P02_20260315_202130,Set2,,,,,,,,"{""survey"":""comparison""}"
2026-03-15T20:24:29.287,P02,hybrid,CONDITION_CHANGE,,40.5,280.0,2.9,,,C1,,,,P02_20260315_202130,Set2,,,,,,,,"{""condition"":""hybrid""}"
2026-03-15T20:24:29.288,P02,hybrid,BEAM_TAB_SWITCH,,40.5,280.0,2.9,,,C1,,,map,P02_20260315_202130,Set2,,,,,,,,"{""tab_index"":0}"
2026-03-15T20:24:29.297,P02,hybrid,COMPARISON_SURVEY_COMPLETED,,40.5,280.0,2.9,,,C1,,,,P02_20260315_202130,Set2,,,,0.0,,,,"{""duration_s"":0}"
2026-03-15T20:24:29.300,P02,hybrid,EXPERIMENT_END,,40.5,280.0,2.9,,,C1,,,,P02_20260315_202130,Set2,,,,,,,,"{""total_duration_s"":176}"
2026-03-15T20:24:30.000,P02,hybrid,SURVEY_ITEM_ANSWERED,,50.3,294.1,10.0,both,,,,,,P02_20260315_202130,Set2,,,,,,,,"{""item_id"": ""nasa_mental_demand"", ""value"": 5, ""survey_type"": ""nasa_tlx""}"
2026-03-15T20:24:35.000,P02,hybrid,SURVEY_ITEM_ANSWERED,,50.3,294.1,10.0,both,,,,,,P02_20260315_202130,Set2,,,,,,,,"{""item_id"": ""nasa_physical_demand"", ""value"": 4, ""survey_type"": ""nasa_tlx""}"
2026-03-15T20:24:40.000,P02,hybrid,SURVEY_ITEM_ANSWERED,,50.3,294.1,10.0,both,,,,,,P02_20260315_202130,Set2,,,,,,,,"{""item_id"": ""nasa_temporal_demand"", ""value"": 1, ""survey_type"": ""nasa_tlx""}"
2026-03-15T20:24:45.000,P02,hybrid,SURVEY_ITEM_ANSWERED,,50.3,294.1,10.0,both,,,,,,P02_20260315_202130,Set2,,,,,,,,"{""item_id"": ""nasa_performance"", ""value"": 2, ""survey_type"": ""nasa_tlx""}"
2026-03-15T20:24:50.000,P02,hybrid,SURVEY_ITEM_ANSWERED,,50.3,294.1,10.0,both,,,,,,P02_20260315_202130,Set2,,,,,,,,"{""item_id"": ""nasa_effort"", ""value"": 4, ""survey_type"": ""nasa_tlx""}"
2026-03-15T20:24:55.000,P02,hybrid,SURVEY_ITEM_ANSWERED,,50.3,294.1,10.0,both,,,,,,P02_20260315_202130,Set2,,,,,,,,"{""item_id"": ""nasa_frustration"", ""value"": 5, ""survey_type"": ""nasa_tlx""}"
2026-03-15T20:25:00.000,P02,hybrid,SURVEY_ITEM_ANSWERED,,50.3,294.1,10.0,both,,,,,,P02_20260315_202130,Set2,,,,,,,,"{""item_id"": ""trust_direction"", ""value"": 5, ""survey_type"": ""trust""}"
2026-03-15T20:25:05.000,P02,hybrid,SURVEY_ITEM_ANSWERED,,50.3,294.1,10.0,both,,,,,,P02_20260315_202130,Set2,,,,,,,,"{""item_id"": ""trust_reliability"", ""value"": 4, ""survey_type"": ""trust""}"
2026-03-15T20:25:10.000,P02,hybrid,SURVEY_ITEM_ANSWERED,,50.3,294.1,10.0,both,,,,,,P02_20260315_202130,Set2,,,,,,,,"{""item_id"": ""trust_confidence"", ""value"": 5, ""survey_type"": ""trust""}"
2026-03-15T20:25:15.000,P02,hybrid,SURVEY_ITEM_ANSWERED,,50.3,294.1,10.0,both,,,,,,P02_20260315_202130,Set2,,,,,,,,"{""item_id"": ""trust_accuracy"", ""value"": 4, ""survey_type"": ""trust""}"
2026-03-15T20:25:20.000,P02,hybrid,SURVEY_ITEM_ANSWERED,,50.3,294.1,10.0,both,,,,,,P02_20260315_202130,Set2,,,,,,,,"{""item_id"": ""trust_safety"", ""value"": 5, ""survey_type"": ""trust""}"
2026-03-15T20:25:25.000,P02,hybrid,SURVEY_ITEM_ANSWERED,,50.3,294.1,10.0,both,,,,,,P02_20260315_202130,Set2,,,,,,,,"{""item_id"": ""trust_destination_belief"", ""value"": 5, ""survey_type"": ""trust""}"
2026-03-15T20:25:30.000,P02,hybrid,SURVEY_ITEM_ANSWERED,,50.3,294.1,10.0,both,,,,,,P02_20260315_202130,Set2,,,,,,,,"{""item_id"": ""trust_willingness_reuse"", ""value"": 5, ""survey_type"": ""trust""}"
2026-03-15T20:25:35.000,P02,hybrid,SURVEY_COMPLETED,,50.3,294.1,10.0,both,,,,,,P02_20260315_202130,Set2,,,,,,,,"{""survey_type"": ""post_condition"", ""duration_s"": 66}"
